comment,source,title
188,环球网,“利奇马”风雨综合强度为1961年以来最大 已致56人死亡
119,新京报,国务院港澳办回应“记者在香港机场被打”：行径近乎恐怖主义
34,搜狐体育,男篮最强阵容呼之欲出 世界杯前还剩两场热身赛
182,武汉晚报,承认弑母！北大学子吴谢宇交代作案过程：和母亲过得很辛苦，犯案后曾想自杀
4,人民日报海外网,西方警察介绍处理激进示威方式 认为港警冷静克制
106,娱乐独角兽,《上海堡垒》鹿晗“崩塌”：“流量”明星一场满盘皆输的豪赌
2,天气小秘,08月14日北京天气预报
8,人民日报海外网,驻港公署：美有关政客助纣为虐 就是暴力犯罪分子背后的黑手
,新京报HI财经,楼市降温：商品房销售面积连跌6个月 房企资金增速放缓
17,全国党媒信息公共平台,王天：克什米尔争端，中国扮演什么角色
5,中国经济网,警察丈夫失联86天执行绝密任务，妻子是怎么挺过来的？
26,票房侠,谢娜张碧晨比枪手势狠怼造谣者！这场辟谣公关为什么年度第一？
171,看看新闻,男子被损友拉进微信赌博群4个月输掉50万 一场病挽救了他
239,环球网,环球网记者付国豪回应“为何不公布记者身份”：自保
2,晓说通信,鸿蒙OS神秘面纱揭开，不只是手机备胎，还有这些功能……
324,中国发展网,大学生把上海迪士尼告了！官方回应“禁带食品入园”规定与其他乐园一致
89,东莞时间网,今年东莞蟑螂特别多？有小区团购蟑螂药！这些灭蟑方法很管用
122,环球网,美军：中国拒绝两艘美国军舰访问香港的请求
14,中央政法委长安剑,“我支持香港警察，你们可以打我了！”
,人民日报海外网,朝鲜再度发声 斥责西方势力为香港暴力分子撑腰
75,21世纪经济报道,地方财政半年账本：粤苏沪收入稳居前三 部分省份卖地收入增40%
1892,长安街知事,人渣！追打付国豪的人群中，出现持美国旗黑衣人
74,国际电子商情,5G手机已出货7.2万部，8月或迎来换机潮
16,人民网上海,重磅！延迟退休、养老金继承…人社部最新回应
375,今日女报,清晨，她在小区外被陌生女子打了一耳光：报警后方知对方为何“爱找茬”
9,中国发展网,暴徒在香港机场殴打不明身份内地旅客，专家：这是恐怖主义
72,雷锋网,欧洲手机市场生变：华为受挫，三星得利，小米成大赢家
19,娱情社,港姐十强诞生“风采依旧”，大热佳丽章子怡师妹爆冷未能入选
569,中国青年网,女贪官脖戴大粗金链子怼巡察人员：调查还能不通过我？
38,新京报,台风“利奇马”来袭会否影响物价？国家统计局回应了
1,中国网直播,非法示威者让香港机场再度陷入混乱，旅客急盼回家
35,青石电影,还差5亿！《哪吒》就能超越《复联4》成影史第三，票房堪称小战狼
279,中国社会科学网,法媒：鸿蒙有望成为安卓终结者 甚至可能改变硅谷
29,新周刊,兵马俑，每年都在“坑”老外
8,无线临沂,六旬老人将分居妻子暴打致死，而这并不是第一次……
27,环球网,凌晨加油，每次超千元？巡察组眉头一皱，发现事情不简单
11,芷天篮球,号称天赋不比詹姆斯差，生涯巅峰6年却只顾赚钱，如今被众人嫌弃
73,南国今报,痛心！遭生父后妈虐打的2岁男童离世，愿天堂没有伤害
18,人民网,“水下长城”再露真容
1,北京日报客户端,今年中秋月饼回归传统，五仁月饼重登“霸主”，三文鱼月饼上新
10,每日经济新闻,全球总裁辞职，大中华区总裁4天后也辞职！汇丰人事地震，坚称“与华为无关”
4,南国今报,柳邕路荣昌宾馆发生浴室玻璃碎裂，开钟点房男子多处受伤
25,看看新闻,这个妈妈心真大！让3岁女儿照看1岁儿子 人都丢了还不知
84,豆瓣电影,豆瓣9.0，央视出品，精彩堪比《今日说法》
443,北晚新视觉网,人民网四问上海迪士尼：凭什么搞“双标”，谁来保障消费者权益？
161,狂言Doggy,CBA新赛季11月1日打响 揭幕战广东VS辽宁
48,中青在线,20元一瓶可乐的迪士尼，翻包检查也是惯例？
13,人民日报,印度外长访华“三不”表态，意味着什么？
4,搜达足球资讯,亚冠最后2名额诞生！倒计时13天，恒大上港对战日本2豪门
84,浙江24小时,“这是妈妈用一个月工资给我买的…”少年的感谢信让人心疼
16,中国青年网,接诈骗电话 女子追问“逼疯”骗子
21,潇湘晨报,3万元转错了账对方拒不返还，该怎么办？
995,中国经济周刊,张艺兴方与三星解约：模糊我国领土主权不能容忍
8,上观新闻,再受影响！香港机场离港口已全部关闭，已取消当日所有离港航班
25,中国发展网,事发烟台！直接记12分+拘留！一并处罚！这种事千万别干
9,强国兵器,危急时刻，巴基斯坦终于反击，2月份立下功劳的“枭龙”将赴前线
8,红星新闻,北大三次退档考生所在村庄：年轻人多外出打工
94,新闻看点,河南永城政府通报：“玛莎拉蒂撞宝马致2死”3犯罪嫌疑人已被批捕
,上观新闻,深度｜一号二号人物即将同日走人，美国情报界与特朗普的“恩仇录”怎么演？
336,南方都市报,迪士尼不让带吃的还翻你包，这侵犯你权益了吗？专家解析
6,新京报Fun娱乐,《哪吒》票房超《红海行动》，升至中国影史第四位
1193,红星新闻,公公杀死怀二胎儿媳后跳楼 当地公安：家庭矛盾引发冲突
5,环球网,英女王成为舆论焦点 英国这是要甩“王炸”？
7,灌篮杂志,新赛季球队胜场预测，76人排名榜首，湖人力压火箭勇士排名第四
11,会火,又一名香港金牌艺人患癌去世，从艺60余年，带来经典作品无数
63,译眼看美洲,流浪少年凌晨闯入别人家的后院，被院子里的三只狗活活咬死
64,每日人物,《上海堡垒》上映5日，口碑票房双跳崖：衰落的鹿晗与流量电影
13,零镜网,5G手机价格下探，4G手机降价千元甩卖，国产手机已走在iPhone前面
24,澎湃新闻,横渡琼州海峡的9岁女孩：准备了一年，父亲曾劝她上船放弃
754,大河网,博士研究生起诉贵州省教育厅 一审被驳回
47,够力足球,德波尔回应穆里尼奥“最差助教”评价：会有报应的
793,生活报,车停门口却在隔壁吃饭，广东一饭店老板怒打车主
107,河北新闻网,紧急寻人！河北16岁女孩离家出走超48小时！你在哪儿？快回家！家人都急疯了
50,环球网,英国少女入住马来西亚酒店后失踪 10天后警方在附近丛林发现一具女尸
24,新京报,杨安泽活动中大哭引热议，他能成为美国首位华裔总统吗？
161,互联网+体育,李娜：丈夫姜山并不优秀 家庭永远放在第一位
20,大河看法,法院院长受贿被判刑10年！受贿名单曝光：24名法官、5名律师在列
16,澎湃新闻,神农架国家公园
25,易名科技,华为是个狼人！“百花号”商标都没注册，就敢砸亿级资源？
,全国党媒信息公共平台,特朗普发推回应俄爆炸事故，被怼
210,谈资,肖战也要演医生了！国产剧帅哥医生未免太多
123,钱江晚报,因台风取消去程，返程票只退3元
,北京日报客户端,高铁“拉黑”自热食品引热议，记者求证：北京未禁止自热食品上车
335,潇湘晨报,为引人注意，男子竟一把拉停火车！拘留7天
13,暴龙电竞中心,LPL季后赛席位大致锁定！IG名次上升第七位，御三家或齐聚季后赛
9,澎湃新闻,两千年前“庞贝的最后晚餐”：榛睡鼠和鱼子酱
169,网通社,领动插电混动版今日正式上市 纯电续航达85公里
522,观察者网,用厕纸裹了个东西往地上一扔，美国男子吓跑300多人…
9,政知新媒体,“9·3”阅兵将军领队转岗东部战区！陆军集团军半数主官换人
50,肆客足球,欧冠阿贾克斯惊险晋级，凯尔特人、波尔图被淘汰
19,泡泡网,米粉福利，买小米趁现在，小米手机狂欢节最高降价1200元
27,虎扑篮球,千锤百炼！湖人官方发布詹姆斯库兹马波普训练图集
17,全国党媒信息公共平台,「长城评论」台风“利奇马”肆虐，仅开除“风籍”还不够
,嘉人,票选今夏最耐热爱豆｜是马丁靴护体的宋妍霏杨幂，还是钟情毛衣的许凯宋茜？
20,52PK游戏网,英雄联盟：RNG上单lovezrr，被网友爆料来头不小
51,虎扑,侯伟：周琦没漫天要价，新疆提供的待遇体现其价值
286,帧察军情室,阿拉比诺失利后，明年是96B卷土重来，还是99A上阵复仇？
3,南方人物周刊,希区柯克诞辰120周年 | 世纪末的魔术师，镜头外的强权者
1,中国经济网,对话聂树斌案“真凶”王书金：案子是我做的，心里知道肯定活不了
7,VDGER科技,魅族16s Pro将于8月28日发布；华为Mate 30 Pro配全新徕卡四摄
449,南国今报,广西2岁女童被人偷抱走，警民一路紧追堵截...
72,肆客足球,超级巨大失误！亚冠门将解围，把球踢进自家大门
200,中国台湾网,从“涪陵榨菜”事件观两岸同胞间的心灵契合
,欧洲新鲜事,特朗普又捅娄子？美运动员领奖时下跪、握拳，奥运会将成发泄地？
2,人民日报海外网,香港警方凌晨回应机场暴力行为：已拘捕5人
,金融界,居民部门债务风险更值得重视！三大偿债指标均超美日等发达国家
comment,source,title
212,人民日报海外网,外交部：英国驻港总领馆一名香港籍雇员在深圳被行政拘留
,ITTFWorld,捷克公开赛 | 8月21日中国队赛程+本周央视转播时间表
355,环球网,河南警方通报“公交司机遭殴打”：打人者被行拘并处罚款 司机被行拘
78,齐鲁壹点,阿里不按套路出牌“平头哥”域名持有人表示费解
427,澎湃新闻,外交部谈美国对台军售：将对参与军售的美国公司实施制裁
390,北青社区报通州版,通州被救心脏骤停男子父亲出面道谢：给我儿子第二次生命，拯救了我们一家
865,人民网,开锁师傅因向消防员收费上热搜 后被罚5000元
6,北京日报客户端,注意！9月15日至10月2日，这几种物品禁止寄往北京
,环球时报英文版,外交部：他们在莫斯科搞的这些鬼，和在香港搞的如出一辙
330,818体育,恒大混血小将已申请入籍，盼早日当中国人，秘鲁母亲让他找中国媳妇
231,社会时分秒,引起舒适！女子未系安全带被查 拒绝受罚还撒泼 推搡交警被抱摔在地
43,北晚新视觉网,北京地铁28号线计划年底开工，设11座车站，未来将连接东直门
33,非常日报,2019福布斯中国名人榜，大陆占比远超港澳台，吴京第一当之无愧
75,谈资,冯小刚为徐帆庆生，女儿和养女同框，网友：养女长得更像冯小刚
40,江苏新闻广播,3岁男童从11楼坠下，地上砸出一个坑
15,IC体坛速递,米兰三名新援西装革履帅气亮相，其中一人被比大罗
11,小钱看世界,布丽吉特陷整容风波后露面见普京，身旁美女翻译官实力抢镜
,北晚新视觉网,注意！9月15日至10月2日期间，这些物品严禁寄往北京
31,上观新闻,任正非接受英媒专访万字实录：在这个关头，妥协是没有出路的
122,谈资,佟丽娅3岁儿子新疆老家和外公过快乐暑假，父母千里之外忙碌工作
419,太平洋电脑网,Steam中国正式定名为蒸汽平台，中国人民真争气
26,环球网,“无忌哥哥”吴启华也就香港暴乱发声：回归前觉得是二等公民，做真正的中国人很自豪
4,国际在线3分天下,遭军事政变被赶下台、家中发现价值上亿英镑现金 苏丹前总统巴希尔狱中日子不好过
43,四川在线,汶川三江镇5000多名游客今天将全部转移完
3555,北晚新视觉网,内地男子在美驻港领馆喷口号“中国必胜”，“火速”被判监禁
22,钱江晚报小时新闻,吓人！男孩玩手机时突然倒在座位上身亡
29,缅甸中文君,缅北21岁女老师在抖音上大火，只因长得像昂山素季
6653,每日人物,15万元包裹被德邦销毁，索赔被要求提供发票，失主拒签和解协议
31,新京报政事儿,安排家人免费住宾馆，棒棰岛宾馆“一把手”被双开
366,新华经济369,老挝车祸遇难者家属：带孩子出国旅游，谁料四人去、一人归
21,小钱看世界,民主党筹款现场表演暗杀“特朗普”每人付1000元观看演出
122,颍州晚报,吃不起！五花肉突破20块，上涨势头依然持续
3,中国经营报,帮扶者贪腐：村支书向烂尾楼接盘方索贿120万
487,中国新闻周刊,15万包裹被销毁仅赔300元，顾客痛哭，德邦：拿清单
28,人民网,女护士整形时死亡 家中留下一对双胞胎儿子
25,人民日报,「关注」4G正降速，给5G让路？官方回应以4G的速度来了
4,IC体坛速递,莎拉波娃橙色战袍纽约出席活动，活力四射颜值回春
8,央视网新闻,日本外相访华登长城 再次晒出与华春莹微笑自拍
955,北晚新视觉网,“南阳女子整形医院内死亡”最新进展：家属同意尸检拒绝调解
9,河青帮帮帮,女子腰缠624条金项链入关被查，总价89万，网友：现实版腰缠万贯
7,中国社会科学网,硬气！美国对华为“周一见”，华为要对世界“周五见”
635,检察风云杂志,医院院长受贿获刑：不愿当一把手，因富裕被绑索要200万，商人乘飞机为其送菜
28,黑龙江晨报,4G网络变慢，是“不限量套餐”卖多了？
2,中国地震台网速报,所罗门群岛发生5.4级地震
5,江苏新闻广播,让乱港分子闻风丧胆的英籍阿Sir上《新闻联播》了，他说香港是我的家
1163,IC图说国际,日外相河野太郎访华登长城 排除众议晒与华春莹合影获日民众好评
45,大洋网,《2019年第二季度主要城市人口吸引力榜单》出炉 人口吸引力广州排第一
375,大众网,又是德邦！毕业证学位证被弄丢损失上万！追讨五月只肯赔…
12,上观新闻,这件令特朗普恐慌、让全球担忧的事，背后的真正病因是什么？
49,新闻晨报,两男子违章停车辱骂交警还竖中指 称“你尽管拍我有的是钱”
12,红星新闻,洪水后淤泥断木聚集 汶川水磨镇清淤工作开始
11,亚太日报,“中亚第一女儿”被控贪污敲诈重罪，曾被总统父亲软禁
177,人民日报,男子身份证丢失被冒开5个手机号，去注销却遭拒
,北京日报客户端,北京市民建组织成立70周年纪念大会召开
7,环球网,小区里的抗洪救灾：100多人谁都不敢先走一步
29,中青在线,手机远程窃听、破解智能门锁、盗取被盗苹果手机信息……均真实存在
45,红星新闻,河北5岁男童开车撞上亲戚 警方：他本想带3岁妹妹找爸爸
382,齐鲁晚报,失联6天在济南上班的潍坊姑娘已找到！家属：人没事，谢谢大家关心｜早知道
330,观察者网,女记者遭港媒无礼围堵，广东电视台强烈谴责
6,北晚新视觉网,拿过时无效文件干涉香港事务，新闻联播提醒美国副总统补历史课
24,北京日报客户端,公交车北京街头与小车斗气，俩车司机均被刑拘
5,中国天气网,四川雅安遭持续暴雨引发山洪道路中断
14,长安街知事,特朗普“脚踩”奥巴马热情邀请俄罗斯，又被普京断然拒绝
15,中国经济网,"央视主播讲了个小故事：""我们在讨论言论自由，你可以闭嘴了"""
23,芒果帮女郎,特大电信网络诈骗案告破！帮女郎起底“卖茶女”的这些套路
7,人民网,善款提现时平台“崩了”，这是众筹还是骗捐？
30,中国青年网,航拍都汶高速绵虒服务区灾情：大桥房屋垮塌、道路被冲毁
,新华社,德媒揭露：美国煽动香港骚乱违反国际公约
321,中国青年网,监控视频曝光！南阳28岁女子整形店内身亡，家属：将前往司法鉴定中心委托尸检
74,南方都市报,老挝车祸去世中国男导游跟团到当地仅两天！事发地十公里连续下坡
75,四川在线,对话四川省林草局局长刘宏葆：卧龙96名被困人员救援难度很大 已启用直升机
1,新民网,美国试射原违禁导弹 中国外交部表态：奉劝美方保持克制
15,北晚新视觉网,都拘了！北京警方通报“公交与宝马斗气别车”
,C114通信网,联通携号转网敲定供应商：核心网部分花落华为“联合体”
43,四川在线,泥水满身、看不清人脸…高速公路执法人员工作照在网上红了
17,环球时报,特朗普：驻阿富汗美军“荒谬地”几乎成了当地警察
35,看看新闻,疑与司机发生矛盾！7旬老伯扒土方车 遭碾压身亡
261,上游新闻,国税局原干部与幼儿园园长的千万股权纠纷 当法官的妻子被举报干预办案
21,北京日报客户端,蹲点96小时！直击北京扫黑一线
13,环球时报,俄总统发言人：美国陆基导弹试验表明其早已准备破坏《中导条约》
144,人民日报海外网,7个省市最低月薪破2000元，最低工资未来怎么涨？
10,海运仓内参,新疆巴州揪出“玉石局长”，“雅好”当不了腐败的遮羞布
233,中国青年网,长沙地铁一老人霸座：强行将女子从座位上挤开还扬言打人
3,央视网新闻,爱泼斯坦前狱友称遭狱警威胁：不闭嘴就要付出代价
5,成都全搜索新闻网,西岭雪山景区游客及工作人员无人员伤亡 已安置在安全区域
,政知新媒体,在前门西大街1号首次亮相的发言人，这样回应香港问题
98,三联生活周刊,“不粘锅炒出来的菜没有灵魂”，那些慰藉人们的烟火气，似乎大多离不开铁锅与爆炒
24,海报新闻客户端,NBA-泰伦卢正式和快船达协议！新一代宇宙战舰起航
23,大河报洛阳新闻,河南：洛阳火车站发现一汉代古墓，考古工作正在推进
3,台海网,美国延期对华为临时许可，暴露一个重要真相
1053,中国江苏网,补贴来了！江苏出台恢复生猪生产扶持政策
73,虎扑篮球,奥尼尔发推晒出特大美味汉堡照：这是有史以来最棒的
40,泡泡网,华为Mate30 Pro真机图再曝光 圆形浴霸设计成定局？
2,明眼千里,与普京会晤后，马克龙激动用俄语发脸书：俄罗斯是欧洲国家
8,北京日报客户端,70多平米竟住11人，不能让群租房贴“标签”，砸了北京民宿的招牌
9,中国军网,中国第三批赴苏丹达尔富尔维和直升机分队出征
13,AI财经社,她55岁创办养老机构，曾获十大品牌人物，今被千名老人追讨养老金
49,虎扑,RAC1：巴萨已制作了内马尔回归视频，并为其准备了新球衣
545,PingWest品玩,索尼与迪士尼结束合作：蜘蛛侠将离开漫威电影宇宙
43,泡泡网,早资讯：劲爆！华为Mate旗舰重磅升级；苹果开窍，终于有C口了？
,人民图片,上海：走进长阳创谷 体验身边的人工智能
14,中国网财经,涉及13亿参保人！新版医保药品目录发布，这些上市公司药品纳入报销范围
21,铅笔道,垃圾分类回收机小黄狗公司濒临破产 一度融资超10亿
2,IC图说国际,菲律宾爆发登革热疫情 超过100名中国工人感染病毒
11,央视网新闻,有这种消费习惯的注意！骗子利用这个诈骗成功率近50%
8,中国经济网,巴基斯坦政府正式批准陆军参谋长延期3年 中方回应
78,泡泡网,iPhone 11发布在即！“浴霸”相机模块生产中，备货量惊人
11,济南市历下区检察院,失联6天在济南上班的潍坊姑娘已找到！家属：人没事，谢谢大家关心
17,珠海网警巡查执法,涉案1800万！狡兔三窟藏216万支假香烟，幕后老板异地操控！
28,球叮足球,不老球员！39岁中国漂洋老将正式加盟西乙球队，成功延续职业生涯
,中国经济网,退出《中导条约》不到一月，美国就试射“违规”导弹
10,看航空,再出发 新舟60“两兄弟”继续向安哥拉前进
3,机器之心,新手上路：图文解读助你理解和使用正则表达式
1,澎湃新闻,重置世界，万物互联，5G将为人工智能带来怎样的机遇和挑战
6,新华网客户端,人民日报钟声：美国公司倒闭怨不得中国
23,中国基金报,今年第二只货币基金清盘了！下一个会是谁？
60,智慧烟台,藏獒不愿拆迁躁失控发狂，狗主人忍痛请求击毙
5,选股宝APP,意外曝光，华为智能新产品9月上市，或成突围新方向
3,凤凰网科技,小米交出期中成绩单：AIoT有了新的故事可以讲 | 风眼观察
4,京城新闻,北京多个交通枢纽未设乘客候车座椅？进展来了……
6,柬单网APP,柬埔寨西港已审查近300个建筑工地，22个不达标已停工
206,网通社,全新别克君威GS推“入门版”车型 售价21.88万元
3,36氪,京东：诺亚事件已进入司法调查阶段，21份函件被核实伪造
164,环球网,史无前例！中国等7国参加俄“中央”大演习
6,央视网新闻,投运倒计时，看北京大兴机场“彩凤”振翅
3,新华网客户端,“数字人民币”初露真容
9,新闻看点,2019世界机器人大会开幕 盘点有趣的仿生机器人
1,中国日报网,丹麦无意出售格陵兰岛 特朗普一怒之下取消访问
